Filename,Title,Variable,Label,Omit,Province,District,DSD,GND
CPH2012_GNT_100.csv,Total Population,Total Population,,,"{""min"":1000000,""max"":6000000,""categories"":5}","{""min"":0,""max"":2500000,""categories"":10}","{""min"":0,""max"":350000,""categories"":7}","{""min"":0,""max"":30000,""categories"":6}"
CPH2012_GNT_101.csv,Ethnicity of Population,Total Population,,True,,,,
CPH2012_GNT_101.csv,Ethnicity of Population,Sinhalese,,,"{""min"":0,""max"":100,""categories"":10}","{""min"":0,""max"":100,""categories"":10}","{""min"":0,""max"":100,""categories"":10}","{""min"":0,""max"":100,""categories"":10}"
CPH2012_GNT_101.csv,Ethnicity of Population,SL_Tamil,Sri Lankan Tamil,,"{""min"":0,""max"":100,""categories"":10}","{""min"":0,""max"":100,""categories"":10}","{""min"":0,""max"":100,""categories"":10}","{""min"":0,""max"":100,""categories"":10}"
CPH2012_GNT_101.csv,Ethnicity of Population,Ind_Tamil,Indian Tamil,,"{""min"":0,""max"":100,""categories"":10}","{""min"":0,""max"":100,""categories"":10}","{""min"":0,""max"":100,""categories"":10}","{""min"":0,""max"":100,""categories"":10}"
CPH2012_GNT_101.csv,Ethnicity of Population,SL_Moor,Moor,,"{""min"":0,""max"":100,""categories"":10}","{""min"":0,""max"":100,""categories"":10}","{""min"":0,""max"":100,""categories"":10}","{""min"":0,""max"":100,""categories"":10}"
CPH2012_GNT_101.csv,Ethnicity of Population,Burgher,,,"{""min"":0,""max"":50,""categories"":10}","{""min"":0,""max"":50,""categories"":10}","{""min"":0,""max"":50,""categories"":10}","{""min"":0,""max"":50,""categories"":10}"
CPH2012_GNT_101.csv,Ethnicity of Population,Malay,,,"{""min"":0,""max"":50,""categories"":10}","{""min"":0,""max"":50,""categories"":10}","{""min"":0,""max"":50,""categories"":10}","{""min"":0,""max"":50,""categories"":10}"
CPH2012_GNT_101.csv,Ethnicity of Population,SL_Chetty,Chetty,,"{""min"":0,""max"":50,""categories"":10}","{""min"":0,""max"":50,""categories"":10}","{""min"":0,""max"":50,""categories"":10}","{""min"":0,""max"":50,""categories"":10}"
CPH2012_GNT_101.csv,Ethnicity of Population,Bharatha,,,"{""min"":0,""max"":10,""categories"":2}","{""min"":0,""max"":10,""categories"":2}","{""min"":0,""max"":10,""categories"":2}","{""min"":0,""max"":10,""categories"":2}"
CPH2012_GNT_101.csv,Ethnicity of Population,Other_Eth,Other,,"{""min"":0,""max"":50,""categories"":10}","{""min"":0,""max"":50,""categories"":10}","{""min"":0,""max"":50,""categories"":10}","{""min"":0,""max"":50,""categories"":10}"
CPH2012_GNT_102.csv,Religious Affiliation of Population,Total Population,,True,,,,
CPH2012_GNT_102.csv,Religious Affiliation of Population,Buddhist,,,"{""min"":0,""max"":100,""categories"":10}","{""min"":0,""max"":100,""categories"":10}","{""min"":0,""max"":100,""categories"":10}","{""min"":0,""max"":100,""categories"":10}"
CPH2012_GNT_102.csv,Religious Affiliation of Population,Hindu,,,"{""min"":0,""max"":100,""categories"":10}","{""min"":0,""max"":100,""categories"":10}","{""min"":0,""max"":100,""categories"":10}","{""min"":0,""max"":100,""categories"":10}"
CPH2012_GNT_102.csv,Religious Affiliation of Population,Islam,,,"{""min"":0,""max"":100,""categories"":10}","{""min"":0,""max"":100,""categories"":10}","{""min"":0,""max"":100,""categories"":10}","{""min"":0,""max"":100,""categories"":10}"
CPH2012_GNT_102.csv,Religious Affiliation of Population,Roman Catholic,,,"{""min"":0,""max"":100,""categories"":10}","{""min"":0,""max"":100,""categories"":10}","{""min"":0,""max"":100,""categories"":10}","{""min"":0,""max"":100,""categories"":10}"
CPH2012_GNT_102.csv,Religious Affiliation of Population,Other Christian,,,"{""min"":0,""max"":100,""categories"":10}","{""min"":0,""max"":100,""categories"":10}","{""min"":0,""max"":100,""categories"":10}","{""min"":0,""max"":100,""categories"":10}"
CPH2012_GNT_102.csv,Religious Affiliation of Population,Other,,,"{""min"":0,""max"":50,""categories"":10}","{""min"":0,""max"":50,""categories"":10}","{""min"":0,""max"":50,""categories"":10}","{""min"":0,""max"":50,""categories"":10}"
CPH2012_GNT_103.csv,Relationship to Household Head of Population,Total Population,,True,,,,
CPH2012_GNT_103.csv,Relationship to Household Head of Population,Head,,,"{""min"":0,""max"":100,""categories"":10}","{""min"":0,""max"":100,""categories"":10}","{""min"":0,""max"":100,""categories"":10}","{""min"":0,""max"":100,""categories"":10}"
CPH2012_GNT_103.csv,Relationship to Household Head of Population,Wife/Husband,,,"{""min"":0,""max"":50,""categories"":10}","{""min"":0,""max"":50,""categories"":10}","{""min"":0,""max"":50,""categories"":10}","{""min"":0,""max"":50,""categories"":10}"
CPH2012_GNT_103.csv,Relationship to Household Head of Population,Son/daughter,,,"{""min"":20,""max"":60,""categories"":8}","{""min"":20,""max"":60,""categories"":8}","{""min"":20,""max"":60,""categories"":8}","{""min"":20,""max"":60,""categories"":8}"
CPH2012_GNT_103.csv,Relationship to Household Head of Population,Son/Daughter-in-law,,,"{""min"":0,""max"":10,""categories"":2}","{""min"":0,""max"":10,""categories"":2}","{""min"":0,""max"":10,""categories"":2}","{""min"":0,""max"":10,""categories"":2}"
CPH2012_GNT_103.csv,Relationship to Household Head of Population,Grandchild/Great grand child,,,"{""min"":0,""max"":20,""categories"":4}","{""min"":0,""max"":20,""categories"":4}","{""min"":0,""max"":20,""categories"":4}","{""min"":0,""max"":20,""categories"":4}"
CPH2012_GNT_103.csv,Relationship to Household Head of Population,Parent of head or spouse,,,"{""min"":0,""max"":10,""categories"":2}","{""min"":0,""max"":10,""categories"":2}","{""min"":0,""max"":10,""categories"":2}","{""min"":0,""max"":10,""categories"":2}"
CPH2012_GNT_103.csv,Relationship to Household Head of Population,Other relative,,,"{""min"":0,""max"":25,""categories"":5}","{""min"":0,""max"":25,""categories"":5}","{""min"":0,""max"":25,""categories"":5}","{""min"":0,""max"":25,""categories"":5}"
CPH2012_GNT_103.csv,Relationship to Household Head of Population,Domestic employee,,,"{""min"":0,""max"":12,""categories"":4}","{""min"":0,""max"":12,""categories"":4}","{""min"":0,""max"":12,""categories"":4}","{""min"":0,""max"":12,""categories"":4}"
CPH2012_GNT_103.csv,Relationship to Household Head of Population,Boarder,,,"{""min"":0,""max"":15,""categories"":5}","{""min"":0,""max"":15,""categories"":5}","{""min"":0,""max"":15,""categories"":5}","{""min"":0,""max"":15,""categories"":5}"
CPH2012_GNT_103.csv,Relationship to Household Head of Population,Non relative,,,"{""min"":0,""max"":100,""categories"":10}","{""min"":0,""max"":100,""categories"":10}","{""min"":0,""max"":100,""categories"":10}","{""min"":0,""max"":100,""categories"":10}"
CPH2012_GNT_103.csv,Relationship to Household Head of Population,Clergy,,,"{""min"":0,""max"":12,""categories"":4}","{""min"":0,""max"":12,""categories"":4}","{""min"":0,""max"":12,""categories"":4}","{""min"":0,""max"":12,""categories"":4}"
CPH2012_GNT_103.csv,Relationship to Household Head of Population,Not stated,,,,,,
CPH2012_GNT_104.csv,Gender of Population,Total Population,,True,,,,
CPH2012_GNT_104.csv,Gender of Population,Male,,,"{""min"":0,""max"":100,""categories"":10}","{""min"":0,""max"":100,""categories"":10}","{""min"":0,""max"":100,""categories"":10}","{""min"":0,""max"":100,""categories"":10}"
CPH2012_GNT_104.csv,Gender of Population,Female,,,"{""min"":0,""max"":100,""categories"":10}","{""min"":0,""max"":100,""categories"":10}","{""min"":0,""max"":100,""categories"":10}","{""min"":0,""max"":100,""categories"":10}"
CPH2012_GNT_105.csv,Marital Status of Population,Total Population,,True,,,,
CPH2012_GNT_105.csv,Marital Status of Population,Never married,,,"{""min"":0,""max"":100,""categories"":10}","{""min"":0,""max"":100,""categories"":10}","{""min"":0,""max"":100,""categories"":10}","{""min"":0,""max"":100,""categories"":10}"
CPH2012_GNT_105.csv,Marital Status of Population,Married ((Registered),,,"{""min"":0,""max"":100,""categories"":10}","{""min"":0,""max"":100,""categories"":10}","{""min"":0,""max"":100,""categories"":10}","{""min"":0,""max"":100,""categories"":10}"
CPH2012_GNT_105.csv,Marital Status of Population,Married (Customary),,,"{""min"":0,""max"":60,""categories"":6}","{""min"":0,""max"":60,""categories"":6}","{""min"":0,""max"":60,""categories"":6}","{""min"":0,""max"":60,""categories"":6}"
CPH2012_GNT_105.csv,Marital Status of Population,Widowed,,,"{""min"":0,""max"":30,""categories"":10}","{""min"":0,""max"":30,""categories"":10}","{""min"":0,""max"":30,""categories"":10}","{""min"":0,""max"":30,""categories"":10}"
CPH2012_GNT_105.csv,Marital Status of Population,Divorced,,,"{""min"":0,""max"":5,""categories"":5}","{""min"":0,""max"":5,""categories"":5}","{""min"":0,""max"":5,""categories"":5}","{""min"":0,""max"":5,""categories"":5}"
CPH2012_GNT_105.csv,Marital Status of Population,Legally separated,,,"{""min"":0,""max"":5,""categories"":5}","{""min"":0,""max"":5,""categories"":5}","{""min"":0,""max"":5,""categories"":5}","{""min"":0,""max"":5,""categories"":5}"
CPH2012_GNT_105.csv,Marital Status of Population,Separated (not legally),,,"{""min"":0,""max"":5,""categories"":5}","{""min"":0,""max"":5,""categories"":5}","{""min"":0,""max"":5,""categories"":5}","{""min"":0,""max"":5,""categories"":5}"
CPH2012_GNT_105.csv,Marital Status of Population,Not Stated,,,,,,
CPH2012_GNT_106.csv,Age Group of Population,Total Population,,True,,,,
CPH2012_GNT_106.csv,Age Group of Population,Less than 10,,,"{""min"":0,""max"":50,""categories"":10}","{""min"":0,""max"":50,""categories"":10}","{""min"":0,""max"":50,""categories"":10}","{""min"":0,""max"":50,""categories"":10}"
CPH2012_GNT_106.csv,Age Group of Population,10 ~ 19,,,"[0,5,10,15,20,25,30,35, 40,45,'+']","[0,5,10,15,20,25,30,35, 40,45,'+']","[0,5,10,15,20,25,30,35, 40,45,'+']","[0,5,10,15,20,25,30,35, 40,45,'+']"
CPH2012_GNT_106.csv,Age Group of Population,20 ~ 29,,,"[0,3,10,15,20,100]","[0,3,10,15,20,100]","[0,3,10,15,20,100]","[0,3,10,15,20,100]"
CPH2012_GNT_106.csv,Age Group of Population,30 ~ 39,,,"[0,3,10,15,20,100]","[0,3,10,15,20,100]","[0,3,10,15,20,100]","[0,3,10,15,20,100]"
CPH2012_GNT_106.csv,Age Group of Population,40 ~ 49,,,"{""min"":0,""max"":40,""categories"":8}","{""min"":0,""max"":40,""categories"":8}","{""min"":0,""max"":40,""categories"":8}","{""min"":0,""max"":40,""categories"":8}"
CPH2012_GNT_106.csv,Age Group of Population,50 ~ 59,,,"{""min"":0,""max"":50,""categories"":10}","{""min"":0,""max"":50,""categories"":10}","{""min"":0,""max"":50,""categories"":10}","{""min"":0,""max"":50,""categories"":10}"
CPH2012_GNT_106.csv,Age Group of Population,60 ~ 69,,,"{""min"":0,""max"":50,""categories"":10}","{""min"":0,""max"":50,""categories"":10}","{""min"":0,""max"":50,""categories"":10}","{""min"":0,""max"":50,""categories"":10}"
CPH2012_GNT_106.csv,Age Group of Population,70 ~ 79,,,"{""min"":0,""max"":12,""categories"":6}","{""min"":0,""max"":12,""categories"":6}","{""min"":0,""max"":12,""categories"":6}","{""min"":0,""max"":12,""categories"":6}"
CPH2012_GNT_106.csv,Age Group of Population,80 ~ 89,,,"{""min"":0,""max"":7,""categories"":7}","{""min"":0,""max"":7,""categories"":7}","{""min"":0,""max"":7,""categories"":7}","{""min"":0,""max"":7,""categories"":7}"
CPH2012_GNT_106.csv,Age Group of Population,90 and above,,,"{""min"":0,""max"":5,""categories"":5}","{""min"":0,""max"":5,""categories"":5}","{""min"":0,""max"":5,""categories"":5}","{""min"":0,""max"":5,""categories"":5}"
CPH2012_GNT_107.csv,Living Quarters,Total Living Quarters,,True,"[0,50000,100000,150000,200000,250000,700000] ","[0,50000,100000,150000,200000,250000,700000] ","{""min"":0,""max"":100000,""categories"":10}","{""min"":0,""max"":7000,""categories"":7}"
CPH2012_GNT_107.csv,Living Quarters,Housing Unit,,,"[0,50000,100000,150000,200000,250000,700000] ","[0,50000,100000,150000,200000,250000,700000] ","{""min"":0,""max"":100000,""categories"":10}","{""min"":0,""max"":7000,""categories"":7}"
CPH2012_GNT_107.csv,Living Quarters,Collective Living Quarter,,,"{""min"":0,""max"":21000,""categories"":7}","{""min"":0,""max"":14000,""categories"":7}","{""min"":0,""max"":1400,""categories"":7}","{""min"":0,""max"":350,""categories"":7}"
CPH2012_GNT_107.csv,Living Quarters,Non Housing Unit,,,"{""min"":0,""max"":4000,""categories"":8}","{""min"":0,""max"":4000,""categories"":8}","{""min"":0,""max"":800,""categories"":8}","{""min"":0,""max"":400,""categories"":8}"
CPH2012_GNT_108.csv,Occupation Status of Housing Units,Total Housing units,,True,,,,
CPH2012_GNT_108.csv,Occupation Status of Housing Units,Occupied,,,"{""min"":0,""max"":100,""categories"":10}","{""min"":0,""max"":100,""categories"":10}","{""min"":0,""max"":100,""categories"":10}","{""min"":0,""max"":100,""categories"":10}"
CPH2012_GNT_108.csv,Occupation Status of Housing Units,Vacant,,,"{""min"":0,""max"":100,""categories"":10}","{""min"":0,""max"":100,""categories"":10}","{""min"":0,""max"":100,""categories"":10}","{""min"":0,""max"":100,""categories"":10}"
CPH2012_GNT_109.csv,Type of Housing Unit,Total Housing units,,True,,,,
CPH2012_GNT_109.csv,Type of Housing Unit,Permanent,,,"{""min"":0,""max"":100,""categories"":10}","{""min"":0,""max"":100,""categories"":10}","{""min"":0,""max"":100,""categories"":10}","{""min"":0,""max"":100,""categories"":10}"
CPH2012_GNT_109.csv,Type of Housing Unit,Semi-permanent,,,"{""min"":0,""max"":100,""categories"":10}","{""min"":0,""max"":100,""categories"":10}","{""min"":0,""max"":100,""categories"":10}","{""min"":0,""max"":100,""categories"":10}"
CPH2012_GNT_109.csv,Type of Housing Unit,Improvised,,,"[0,1,2,3,4,5,6,'+']","[0,1,2,3,4,5,6,'+']","[0,1,2,3,4,5,6,'+']","[0,1,2,3,4,5,6,'+']"
CPH2012_GNT_109.csv,Type of Housing Unit,Unclassified,,,"[0,1,2,3,4,5,6,'+']","[0,1,2,3,4,5,6,'+']","[0,1,2,3,4,5,6,'+']","[0,1,2,3,4,5,6,'+']"
CPH2012_GNT_110.csv,Structure of Housing Units,Total Housing units,,True,,,,
CPH2012_GNT_110.csv,Structure of Housing Units,Single house - Single floor,,,"{""min"":20,""max"":100,""categories"":8}","{""min"":20,""max"":100,""categories"":8}","{""min"":20,""max"":100,""categories"":8}","{""min"":20,""max"":100,""categories"":8}"
CPH2012_GNT_110.csv,Structure of Housing Units,Single house - Double floor,,,"[0,0.5,1,2,3,4,5,'+']","[0,0.5,1,2,3,4,5,'+']","[0,0.5,1,2,3,4,5,'+']","[0,0.5,1,2,3,4,5,'+']"
CPH2012_GNT_110.csv,Structure of Housing Units,Single house- More than 2 floors,,,"[0,0.5,1,2,3,4,5,'+']","[0,0.5,1,2,3,4,5,'+']","[0,0.5,1,2,3,4,5,'+']","[0,0.5,1,2,3,4,5,'+']"
CPH2012_GNT_110.csv,Structure of Housing Units,Attached house/Annex,,,"[0,0.5,1,2,3,4,5,10,'+']","[0,0.5,1,2,3,4,5,10,'+']","[0,0.5,1,2,3,4,5,10,'+']","[0,0.5,1,2,3,4,5,10,'+']"
CPH2012_GNT_110.csv,Structure of Housing Units,Flat,,,"[0,0.5,1,2,3,4,5,10,15,'+']","[0,0.5,1,2,3,4,5,10,15,'+']","[0,0.5,1,2,3,4,5,10,15,'+']","[0,0.5,1,2,3,4,5,10,15,'+']"
CPH2012_GNT_110.csv,Structure of Housing Units,Condominium,,,"[0,0.5,1,2,3,4,5,10,15,'+']","[0,0.5,1,2,3,4,5,10,15,'+']","[0,0.5,1,2,3,4,5,10,15,'+']","[0,0.5,1,2,3,4,5,10,15,'+']"
CPH2012_GNT_110.csv,Structure of Housing Units,Twin house,,,"[0,0.5,1,2,3,4,5,10,15,'+']","[0,0.5,1,2,3,4,5,10,15,'+']","[0,0.5,1,2,3,4,5,10,15,'+']","[0,0.5,1,2,3,4,5,10,15,'+']"
CPH2012_GNT_110.csv,Structure of Housing Units,Row house / Line room,,,"[0,0.5,1,2,3,4,5,10,15,'+']","[0,0.5,1,2,3,4,5,10,15,'+']","[0,0.5,1,2,3,4,5,10,15,'+']","[0,0.5,1,2,3,4,5,10,15,'+']"
CPH2012_GNT_110.csv,Structure of Housing Units,Hut/Shanty,,,"[0,0.5,1,2,3,4,5,10,15,'+']","[0,0.5,1,2,3,4,5,10,15,'+']","[0,0.5,1,2,3,4,5,10,15,'+']","[0,0.5,1,2,3,4,5,10,15,'+']"
CPH2012_GNT_111.csv,Wall Type in Housing Units,Total Housing units,,True,,,,
CPH2012_GNT_111.csv,Wall Type in Housing Units,Brick,,,"{""min"":0,""max"":100,""categories"":10}","{""min"":0,""max"":100,""categories"":10}","{""min"":0,""max"":100,""categories"":10}","{""min"":0,""max"":100,""categories"":10}"
CPH2012_GNT_111.csv,Wall Type in Housing Units,Cement block/Stone,,,"{""min"":0,""max"":100,""categories"":10}","{""min"":0,""max"":100,""categories"":10}","{""min"":0,""max"":100,""categories"":10}","{""min"":0,""max"":100,""categories"":10}"
CPH2012_GNT_111.csv,Wall Type in Housing Units,Cabook,,,"[0,1,2,3,4,5,10,15,20,'+']","[0,1,2,3,4,5,10,15,20,'+']","[0,1,2,3,4,5,10,15,20,'+']","[0,1,2,3,4,5,10,15,20,'+']"
CPH2012_GNT_111.csv,Wall Type in Housing Units,Soil bricks,,,"[0,1,2,3,4,5,10,15,20,'+']","[0,1,2,3,4,5,10,15,20,'+']","[0,1,2,3,4,5,10,15,20,'+']","[0,1,2,3,4,5,10,15,20,'+']"
CPH2012_GNT_111.csv,Wall Type in Housing Units,Mud,,,"[0,1,2,3,4,5,10,15,20,'+']","[0,1,2,3,4,5,10,15,20,'+']","[0,1,2,3,4,5,10,15,20,'+']","[0,1,2,3,4,5,10,15,20,'+']"
CPH2012_GNT_111.csv,Wall Type in Housing Units,Cadjan/Palmyrah,,,"[0,1,2,3,4,5,10,15,20,'+']","[0,1,2,3,4,5,10,15,20,'+']","[0,1,2,3,4,5,10,15,20,'+']","[0,1,2,3,4,5,10,15,20,'+']"
CPH2012_GNT_111.csv,Wall Type in Housing Units,Plank/Metal Sheet,,,"[0,1,2,3,4,5,10,15,20,'+']","[0,1,2,3,4,5,10,15,20,'+']","[0,1,2,3,4,5,10,15,20,'+']","[0,1,2,3,4,5,10,15,20,'+']"
CPH2012_GNT_111.csv,Wall Type in Housing Units,Other,,,"[0,1,2,3,4,5,10,15,20,'+']","[0,1,2,3,4,5,10,15,20,'+']","[0,1,2,3,4,5,10,15,20,'+']","[0,1,2,3,4,5,10,15,20,'+']"
CPH2012_GNT_112.csv,Floor Type in Housing Unit,Total Housing units,,True,,,,
CPH2012_GNT_112.csv,Floor Type in Housing Unit,Cement,,,"{""min"":0,""max"":100,""categories"":10}","{""min"":0,""max"":100,""categories"":10}","{""min"":0,""max"":100,""categories"":10}","{""min"":0,""max"":100,""categories"":10}"
CPH2012_GNT_112.csv,Floor Type in Housing Unit,Tile/Granite/Terrazo,,,"[0,1,2,3,4,5,10,15,20,25,'+']","[0,1,2,3,4,5,10,15,20,25,'+']","[0,1,2,3,4,5,10,15,20,25,'+']","[0,1,2,3,4,5,10,15,20,25,'+']"
CPH2012_GNT_112.csv,Floor Type in Housing Unit,Mud,,,"[0,1,2,3,4,5,10,15,20,25,'+']","[0,1,2,3,4,5,10,15,20,25,'+']","[0,1,2,3,4,5,10,15,20,25,'+']","[0,1,2,3,4,5,10,15,20,25,'+']"
CPH2012_GNT_112.csv,Floor Type in Housing Unit,Wood,,,"[0,1,2,3,4,5,10,'+']","[0,1,2,3,4,5,10,'+']","[0,1,2,3,4,5,10,'+']","[0,1,2,3,4,5,10,'+']"
CPH2012_GNT_112.csv,Floor Type in Housing Unit,Sand,,,"[0,1,2,3,4,5,10,'+']","[0,1,2,3,4,5,10,'+']","[0,1,2,3,4,5,10,'+']","[0,1,2,3,4,5,10,'+']"
CPH2012_GNT_112.csv,Floor Type in Housing Unit,Concrete,,,"[0,1,2,3,4,5,10,15,20,25,'+']","[0,1,2,3,4,5,10,15,20,25,'+']","[0,1,2,3,4,5,10,15,20,25,'+']","[0,1,2,3,4,5,10,15,20,25,'+']"
CPH2012_GNT_112.csv,Floor Type in Housing Unit,Other,,,"[0,1,2,3,4,5,10,'+']","[0,1,2,3,4,5,10,'+']","[0,1,2,3,4,5,10,'+']","[0,1,2,3,4,5,10,'+']"
CPH2012_GNT_113.csv,Roof Type in Housing Unit,Total Housing units,,True,,,,
CPH2012_GNT_113.csv,Roof Type in Housing Unit,Tile,,,"{""min"":0,""max"":100,""categories"":10}","{""min"":0,""max"":100,""categories"":10}","{""min"":0,""max"":100,""categories"":10}","{""min"":0,""max"":100,""categories"":10}"
CPH2012_GNT_113.csv,Roof Type in Housing Unit,Asbestos,,,"{""min"":0,""max"":100,""categories"":10}","{""min"":0,""max"":100,""categories"":10}","{""min"":0,""max"":100,""categories"":10}","{""min"":0,""max"":100,""categories"":10}"
CPH2012_GNT_113.csv,Roof Type in Housing Unit,Concrete,,,"[0,1,2,3,4,5,10,15,20,25,'+']","[0,1,2,3,4,5,10,15,20,25,'+']","[0,1,2,3,4,5,10,15,20,25,'+']","[0,1,2,3,4,5,10,15,20,25,'+']"
CPH2012_GNT_113.csv,Roof Type in Housing Unit,Zink Aluminium sheet,,,"[0,1,2,3,4,5,10,15,20,25,'+']","[0,1,2,3,4,5,10,15,20,25,'+']","[0,1,2,3,4,5,10,15,20,25,'+']","[0,1,2,3,4,5,10,15,20,25,'+']"
CPH2012_GNT_113.csv,Roof Type in Housing Unit,Metal sheet,,,"[0,1,2,3,4,5,10,15,20,25,'+']","[0,1,2,3,4,5,10,15,20,25,'+']","[0,1,2,3,4,5,10,15,20,25,'+']","[0,1,2,3,4,5,10,15,20,25,'+']"
CPH2012_GNT_113.csv,Roof Type in Housing Unit,Cadjan/Palmyrah/Straw,,,"[0,1,2,3,4,5,10,15,20,25,'+']","[0,1,2,3,4,5,10,15,20,25,'+']","[0,1,2,3,4,5,10,15,20,25,'+']","[0,1,2,3,4,5,10,15,20,25,'+']"
CPH2012_GNT_113.csv,Roof Type in Housing Unit,Other,,,"[0,1,2,3,4,5,'+']","[0,1,2,3,4,5,'+']","[0,1,2,3,4,5,'+']","[0,1,2,3,4,5,'+']"
CPH2012_GNT_114.csv,Persons Living in Housing Unit,Total Housing units,,True,,,,
CPH2012_GNT_114.csv,Persons Living in Housing Unit,1 Person,,,"[0,5,10,15,20,25,'+']","[0,5,10,15,20,25,'+']","[0,5,10,15,20,25,'+']","[0,5,10,15,20,25,'+']"
CPH2012_GNT_114.csv,Persons Living in Housing Unit,2 Persons,,,"[0,5,10,15,20,25,'+']","[0,5,10,15,20,25,'+']","[0,5,10,15,20,25,'+']","[0,5,10,15,20,25,'+']"
CPH2012_GNT_114.csv,Persons Living in Housing Unit,3 Persons,,,"[0,5,10,15,20,25,'+']","[0,5,10,15,20,25,'+']","[0,5,10,15,20,25,'+']","[0,5,10,15,20,25,'+']"
CPH2012_GNT_114.csv,Persons Living in Housing Unit,4 Persons,,,"[0,5,10,15,20,25,'+']","[0,5,10,15,20,25,'+']","[0,5,10,15,20,25,'+']","[0,5,10,15,20,25,'+']"
CPH2012_GNT_114.csv,Persons Living in Housing Unit,5 Persons,,,"[0,5,10,15,20,25,'+']","[0,5,10,15,20,25,'+']","[0,5,10,15,20,25,'+']","[0,5,10,15,20,25,'+']"
CPH2012_GNT_114.csv,Persons Living in Housing Unit,6 Persons,,,"[0,5,10,15,20,25,'+']","[0,5,10,15,20,25,'+']","[0,5,10,15,20,25,'+']","[0,5,10,15,20,25,'+']"
CPH2012_GNT_114.csv,Persons Living in Housing Unit,7 Persons,,,"[0,1,2,3,4,5,10,'+']","[0,1,2,3,4,5,10,'+']","[0,1,2,3,4,5,10,'+']","[0,1,2,3,4,5,10,'+']"
CPH2012_GNT_114.csv,Persons Living in Housing Unit,8 Persons,,,"[0,1,2,3,4,5,'+']","[0,1,2,3,4,5,'+']","[0,1,2,3,4,5,'+']","[0,1,2,3,4,5,'+']"
CPH2012_GNT_114.csv,Persons Living in Housing Unit,9 Persons,,,"[0,1,2,3,4,5,'+']","[0,1,2,3,4,5,'+']","[0,1,2,3,4,5,'+']","[0,1,2,3,4,5,'+']"
CPH2012_GNT_114.csv,Persons Living in Housing Unit,10 or more,,,"[0,1,2,3,4,5,'+']","[0,1,2,3,4,5,'+']","[0,1,2,3,4,5,'+']","[0,1,2,3,4,5,'+']"
CPH2012_GNT_115.csv,Households Living in Housing Unit,Total Housing units,,True,,,,
CPH2012_GNT_115.csv,Households Living in Housing Unit,1 Household,,,"{""min"":90,""max"":100,""categories"":10}","{""min"":90,""max"":100,""categories"":10}","{""min"":90,""max"":100,""categories"":10}","{""min"":90,""max"":100,""categories"":10}"
CPH2012_GNT_115.csv,Households Living in Housing Unit,2 Households,,,"[0,1,2,3,4,5,'+']","[0,1,2,3,4,5,'+']","[0,1,2,3,4,5,'+']","[0,1,2,3,4,5,'+']"
CPH2012_GNT_115.csv,Households Living in Housing Unit,3 Households,,,"[0,0.5,1,2,3,4,5,'+']","[0,0.5,1,2,3,4,5,'+']","[0,0.5,1,2,3,4,5,'+']","[0,0.5,1,2,3,4,5,'+']"
CPH2012_GNT_115.csv,Households Living in Housing Unit,4 Households,,,"[0,0.25,0.5,0.75,1,'+']","[0,0.25,0.5,0.75,1,'+']","[0,0.25,0.5,0.75,1,'+']","[0,0.25,0.5,0.75,1,'+']"
CPH2012_GNT_115.csv,Households Living in Housing Unit,5 or more,,,"[0,0.25,0.5,0.75,1,'+']","[0,0.25,0.5,0.75,1,'+']","[0,0.25,0.5,0.75,1,'+']","[0,0.25,0.5,0.75,1,'+']"
CPH2012_GNT_116.csv,Rooms in Housing Unit,Total Housing units,,True,,,,
CPH2012_GNT_116.csv,Rooms in Housing Unit,1 Room,,,"[0,5,10,15,20,25,'+']","[0,5,10,15,20,25,'+']","[0,5,10,15,20,25,'+']","[0,5,10,15,20,25,'+']"
CPH2012_GNT_116.csv,Rooms in Housing Unit,2 Rooms,,,"[0,5,10,15,20,25,'+']","[0,5,10,15,20,25,'+']","[0,5,10,15,20,25,'+']","[0,5,10,15,20,25,'+']"
CPH2012_GNT_116.csv,Rooms in Housing Unit,3 Rooms,,,"[0,5,10,15,20,25,'+']","[0,5,10,15,20,25,'+']","[0,5,10,15,20,25,'+']","[0,5,10,15,20,25,'+']"
CPH2012_GNT_116.csv,Rooms in Housing Unit,4 Rooms,,,"[0,5,10,20,30,40,'+']","[0,5,10,20,30,40,'+']","[0,5,10,20,30,40,'+']","[0,5,10,20,30,40,'+']"
CPH2012_GNT_116.csv,Rooms in Housing Unit,5 Rooms,,,"[0,5,10,15,20,25,'+']","[0,5,10,15,20,25,'+']","[0,5,10,15,20,25,'+']","[0,5,10,15,20,25,'+']"
CPH2012_GNT_116.csv,Rooms in Housing Unit,6 Rooms,,,"[0,5,10,15,20,25,'+']","[0,5,10,15,20,25,'+']","[0,5,10,15,20,25,'+']","[0,5,10,15,20,25,'+']"
CPH2012_GNT_116.csv,Rooms in Housing Unit,7 Rooms,,,"[0,1,2,3,4,5,10,15,20,25,'+']","[0,1,2,3,4,5,10,15,20,25,'+']","[0,1,2,3,4,5,10,15,20,25,'+']","[0,1,2,3,4,5,10,15,20,25,'+']"
CPH2012_GNT_116.csv,Rooms in Housing Unit,8 Rooms,,,"[0,1,2,3,4,5,10,15,20,25,'+']","[0,1,2,3,4,5,10,15,20,25,'+']","[0,1,2,3,4,5,10,15,20,25,'+']","[0,1,2,3,4,5,10,15,20,25,'+']"
CPH2012_GNT_116.csv,Rooms in Housing Unit,9 Rooms,,,"[0,1,2,3,4,5,10,15,20,25,'+']","[0,1,2,3,4,5,10,15,20,25,'+']","[0,1,2,3,4,5,10,15,20,25,'+']","[0,1,2,3,4,5,10,15,20,25,'+']"
CPH2012_GNT_116.csv,Rooms in Housing Unit,10 and above,,,"[0,1,2,3,4,5,10,15,20,25,'+']","[0,1,2,3,4,5,10,15,20,25,'+']","[0,1,2,3,4,5,10,15,20,25,'+']","[0,1,2,3,4,5,10,15,20,25,'+']"
CPH2012_GNT_117.csv,Year of Construction of Housing Unit,Total Housing units,,True,,,,
CPH2012_GNT_117.csv,Year of Construction of Housing Unit,2011,,,"[0,1,2,3,4,5,10,15,20,25,'+']","[0,1,2,3,4,5,10,15,20,25,'+']","[0,1,2,3,4,5,10,15,20,25,'+']","[0,1,2,3,4,5,10,15,20,25,'+']"
CPH2012_GNT_117.csv,Year of Construction of Housing Unit,2010,,,"[0,1,2,3,4,5,10,15,20,25,'+']","[0,1,2,3,4,5,10,15,20,25,'+']","[0,1,2,3,4,5,10,15,20,25,'+']","[0,1,2,3,4,5,10,15,20,25,'+']"
CPH2012_GNT_117.csv,Year of Construction of Housing Unit,2009,,,"[0,1,2,3,4,5,10,15,20,25,'+']","[0,1,2,3,4,5,10,15,20,25,'+']","[0,1,2,3,4,5,10,15,20,25,'+']","[0,1,2,3,4,5,10,15,20,25,'+']"
CPH2012_GNT_117.csv,Year of Construction of Housing Unit,2008,,,"[0,1,2,3,4,5,10,15,20,25,'+']","[0,1,2,3,4,5,10,15,20,25,'+']","[0,1,2,3,4,5,10,15,20,25,'+']","[0,1,2,3,4,5,10,15,20,25,'+']"
CPH2012_GNT_117.csv,Year of Construction of Housing Unit,2007,,,"[0,1,2,3,4,5,10,15,20,25,'+']","[0,1,2,3,4,5,10,15,20,25,'+']","[0,1,2,3,4,5,10,15,20,25,'+']","[0,1,2,3,4,5,10,15,20,25,'+']"
CPH2012_GNT_117.csv,Year of Construction of Housing Unit,2006,,,"[0,1,2,3,4,5,10,15,20,25,'+']","[0,1,2,3,4,5,10,15,20,25,'+']","[0,1,2,3,4,5,10,15,20,25,'+']","[0,1,2,3,4,5,10,15,20,25,'+']"
CPH2012_GNT_117.csv,Year of Construction of Housing Unit,2005,,,"[0,1,2,3,4,5,10,15,20,25,'+']","[0,1,2,3,4,5,10,15,20,25,'+']","[0,1,2,3,4,5,10,15,20,25,'+']","[0,1,2,3,4,5,10,15,20,25,'+']"
CPH2012_GNT_117.csv,Year of Construction of Housing Unit,2000-2004,,,"[0,1,2,3,4,5,10,15,20,25,'+']","[0,1,2,3,4,5,10,15,20,25,'+']","[0,1,2,3,4,5,10,15,20,25,'+']","[0,1,2,3,4,5,10,15,20,25,'+']"
CPH2012_GNT_117.csv,Year of Construction of Housing Unit,1995-1999,,,"[0,1,2,3,4,5,10,15,20,25,'+']","[0,1,2,3,4,5,10,15,20,25,'+']","[0,1,2,3,4,5,10,15,20,25,'+']","[0,1,2,3,4,5,10,15,20,25,'+']"
CPH2012_GNT_117.csv,Year of Construction of Housing Unit,1990-1994,,,"[0,1,2,3,4,5,10,15,20,25,'+']","[0,1,2,3,4,5,10,15,20,25,'+']","[0,1,2,3,4,5,10,15,20,25,'+']","[0,1,2,3,4,5,10,15,20,25,'+']"
CPH2012_GNT_117.csv,Year of Construction of Housing Unit,1980-1989,,,"[0,1,2,3,4,5,10,15,20,25,'+']","[0,1,2,3,4,5,10,15,20,25,'+']","[0,1,2,3,4,5,10,15,20,25,'+']","[0,1,2,3,4,5,10,15,20,25,'+']"
CPH2012_GNT_117.csv,Year of Construction of Housing Unit,Before 80,,,"[0,5,10,20,30,40,50,'+'] ","[0,5,10,20,30,40,50,'+'] ","[0,5,10,20,30,40,50,'+'] ","[0,5,10,20,30,40,50,'+'] "
CPH2012_GNT_118.csv,Source of Drinking Water of Housing Unit,Total Households,,True,,,,
CPH2012_GNT_118.csv,Source of Drinking Water of Housing Unit,Protected well within premises,,,"{""min"":0,""max"":100,""categories"":10}","{""min"":0,""max"":100,""categories"":10}","{""min"":0,""max"":100,""categories"":10}","{""min"":0,""max"":100,""categories"":10}"
CPH2012_GNT_118.csv,Source of Drinking Water of Housing Unit,Protected well outside premises,,,"[0,5,10,20,30,40,50,'+'] ","[0,5,10,20,30,40,50,'+'] ","[0,5,10,20,30,40,50,'+'] ","[0,5,10,20,30,40,50,'+'] "
CPH2012_GNT_118.csv,Source of Drinking Water of Housing Unit,Unprotected well,,,"[0,5,10,20,30,40,50,'+'] ","[0,5,10,20,30,40,50,'+'] ","[0,5,10,20,30,40,50,'+'] ","[0,5,10,20,30,40,50,'+'] "
CPH2012_GNT_118.csv,Source of Drinking Water of Housing Unit,Tap within unit (main line),,,"[0,5,10,20,30,40,50,'+'] ","[0,5,10,20,30,40,50,'+'] ","[0,5,10,20,30,40,50,'+'] ","[0,5,10,20,30,40,50,'+'] "
CPH2012_GNT_118.csv,Source of Drinking Water of Housing Unit,Tap within premises but outside unit (main line),,,"[0,5,10,20,30,40,50,'+'] ","[0,5,10,20,30,40,50,'+'] ","[0,5,10,20,30,40,50,'+'] ","[0,5,10,20,30,40,50,'+'] "
CPH2012_GNT_118.csv,Source of Drinking Water of Housing Unit,Tap outside premises (main line),,,"[0,1,2,3,4,5,10,15,20,25,'+'] ","[0,1,2,3,4,5,10,15,20,25,'+'] ","[0,1,2,3,4,5,10,15,20,25,'+'] ","[0,1,2,3,4,5,10,15,20,25,'+'] "
CPH2012_GNT_118.csv,Source of Drinking Water of Housing Unit,Rural water projects,,,"[0,1,2,3,4,5,10,15,20,25,'+'] ","[0,1,2,3,4,5,10,15,20,25,'+'] ","[0,1,2,3,4,5,10,15,20,25,'+'] ","[0,1,2,3,4,5,10,15,20,25,'+'] "
CPH2012_GNT_118.csv,Source of Drinking Water of Housing Unit,Tube well,,,"[0,1,2,3,4,5,10,15,20,25,'+'] ","[0,1,2,3,4,5,10,15,20,25,'+'] ","[0,1,2,3,4,5,10,15,20,25,'+'] ","[0,1,2,3,4,5,10,15,20,25,'+'] "
CPH2012_GNT_118.csv,Source of Drinking Water of Housing Unit,Bowser,,,"[0,1,2,3,4,5,10,15,20,25,'+'] ","[0,1,2,3,4,5,10,15,20,25,'+'] ","[0,1,2,3,4,5,10,15,20,25,'+'] ","[0,1,2,3,4,5,10,15,20,25,'+'] "
CPH2012_GNT_118.csv,Source of Drinking Water of Housing Unit,River/Tank/Strea,,,"[0,1,2,3,4,5,10,15,20,25,'+'] ","[0,1,2,3,4,5,10,15,20,25,'+'] ","[0,1,2,3,4,5,10,15,20,25,'+'] ","[0,1,2,3,4,5,10,15,20,25,'+'] "
CPH2012_GNT_118.csv,Source of Drinking Water of Housing Unit,,,,"[0,1,2,3,4,5,10,15,20,25,'+'] ","[0,1,2,3,4,5,10,15,20,25,'+'] ","[0,1,2,3,4,5,10,15,20,25,'+'] ","[0,1,2,3,4,5,10,15,20,25,'+'] "
CPH2012_GNT_118.csv,Source of Drinking Water of Housing Unit,,,,"[0,1,2,3,4,5,10,15,20,25,'+'] ","[0,1,2,3,4,5,10,15,20,25,'+'] ","[0,1,2,3,4,5,10,15,20,25,'+'] ","[0,1,2,3,4,5,10,15,20,25,'+'] "
CPH2012_GNT_118.csv,Source of Drinking Water of Housing Unit,,,,"[0,1,2,3,4,5,10,15,20,25,'+'] ","[0,1,2,3,4,5,10,15,20,25,'+'] ","[0,1,2,3,4,5,10,15,20,25,'+'] ","[0,1,2,3,4,5,10,15,20,25,'+'] "
CPH2012_GNT_119.csv,Household Cooking Fuel,Total Households,,True,,,,
CPH2012_GNT_119.csv,Household Cooking Fuel,Fire wood,,,"[0,1,2,3,4,5,10,15,20,25,'+'] ","[0,1,2,3,4,5,10,15,20,25,'+'] ","[0,1,2,3,4,5,10,15,20,25,'+'] ","[0,1,2,3,4,5,10,15,20,25,'+'] "
CPH2012_GNT_119.csv,Household Cooking Fuel,Kerosene,,,"[0,1,2,3,4,5,10,20,30,50,'+']","[0,1,2,3,4,5,10,20,30,50,'+']","[0,1,2,3,4,5,10,20,30,50,'+']","[0,1,2,3,4,5,10,20,30,50,'+']"
CPH2012_GNT_119.csv,Household Cooking Fuel,Gas,,,"[0,1,2,3,4,5,10,20,30,50,'+']","[0,1,2,3,4,5,10,20,30,50,'+']","[0,1,2,3,4,5,10,20,30,50,'+']","[0,1,2,3,4,5,10,20,30,50,'+']"
CPH2012_GNT_119.csv,Household Cooking Fuel,Electricity,,,"[0,0.25,0.5,0.75,1,5,'+']","[0,0.25,0.5,0.75,1,5,'+']","[0,0.25,0.5,0.75,1,5,'+']","[0,0.25,0.5,0.75,1,5,'+']"
CPH2012_GNT_119.csv,Household Cooking Fuel,Saw dust/Paddy husk,,,"[0,0.25,0.5,0.75,1,5,'+']","[0,0.25,0.5,0.75,1,5,'+']","[0,0.25,0.5,0.75,1,5,'+']","[0,0.25,0.5,0.75,1,5,'+']"
CPH2012_GNT_119.csv,Household Cooking Fuel,Other,,,"[0,0.25,0.5,0.75,1,5,'+']","[0,0.25,0.5,0.75,1,5,'+']","[0,0.25,0.5,0.75,1,5,'+']","[0,0.25,0.5,0.75,1,5,'+']"
CPH2012_GNT_120.csv,Household Lighting,Total Households,,True,,,,
CPH2012_GNT_120.csv,Household Lighting,Electricity-National Electricity Network,,,"[0,50,70,80,90,95,'+'] ","[0,50,70,80,90,95,'+'] ","[0,50,70,80,90,95,'+'] ","[0,50,70,80,90,95,'+'] "
CPH2012_GNT_120.csv,Household Lighting,Electricity-Rural Hydro Electricity Projects,,,"[0,0.25,0.5,0.75,1,5,10,'+'] ","[0,0.25,0.5,0.75,1,5,10,'+'] ","[0,0.25,0.5,0.75,1,5,10,'+'] ","[0,0.25,0.5,0.75,1,5,10,'+'] "
CPH2012_GNT_120.csv,Household Lighting,Kerosene,,,"[0,0.25,0.5,0.75,1,5,10,15,20,30,'+'] ","[0,0.25,0.5,0.75,1,5,10,15,20,30,'+'] ","[0,0.25,0.5,0.75,1,5,10,15,20,30,'+'] ","[0,0.25,0.5,0.75,1,5,10,15,20,30,'+'] "
CPH2012_GNT_120.csv,Household Lighting,Solar power,,,"[0,0.25,0.5,0.75,1,5,10,'+'] ","[0,0.25,0.5,0.75,1,5,10,'+'] ","[0,0.25,0.5,0.75,1,5,10,'+'] ","[0,0.25,0.5,0.75,1,5,10,'+'] "
CPH2012_GNT_120.csv,Household Lighting,Bio Gas,,,"[0,0.25,0.5,0.75,1,'+'] ","[0,0.25,0.5,0.75,1,'+'] ","[0,0.25,0.5,0.75,1,'+'] ","[0,0.25,0.5,0.75,1,'+'] "
CPH2012_GNT_120.csv,Household Lighting,Other,,,"[0,0.25,0.5,0.75,1,'+'] ","[0,0.25,0.5,0.75,1,'+'] ","[0,0.25,0.5,0.75,1,'+'] ","[0,0.25,0.5,0.75,1,'+'] "
CPH2012_GNT_121.csv,Household Toilet Facilities,Total Households,,True,,,,
CPH2012_GNT_121.csv,Household Toilet Facilities,Water seal and connected to a piped sewer system,,,"{""min"":0,""max"":100,""categories"":10}","{""min"":0,""max"":100,""categories"":10}","{""min"":0,""max"":100,""categories"":10}","{""min"":0,""max"":100,""categories"":10}"
CPH2012_GNT_121.csv,Household Toilet Facilities,Water seal and connected to a septic tank,,,"[0,0.25,0.5,0.75,1,5,10,15,'+'] ","[0,0.25,0.5,0.75,1,5,10,15,'+'] ","[0,0.25,0.5,0.75,1,5,10,15,'+'] ","[0,0.25,0.5,0.75,1,5,10,15,'+'] "
CPH2012_GNT_121.csv,Household Toilet Facilities,Pour flush toilet (Not water seal),,,"[0,0.25,0.5,0.75,1,5,10,15,'+'] ","[0,0.25,0.5,0.75,1,5,10,15,'+'] ","[0,0.25,0.5,0.75,1,5,10,15,'+'] ","[0,0.25,0.5,0.75,1,5,10,15,'+'] "
CPH2012_GNT_121.csv,Household Toilet Facilities,Direct pit,,,"[0,0.25,0.5,0.75,1,5,10,15,'+'] ","[0,0.25,0.5,0.75,1,5,10,15,'+'] ","[0,0.25,0.5,0.75,1,5,10,15,'+'] ","[0,0.25,0.5,0.75,1,5,10,15,'+'] "
CPH2012_GNT_121.csv,Household Toilet Facilities,Other,,,"[0,0.25,0.5,0.75,1,5,10,15,'+'] ","[0,0.25,0.5,0.75,1,5,10,15,'+'] ","[0,0.25,0.5,0.75,1,5,10,15,'+'] ","[0,0.25,0.5,0.75,1,5,10,15,'+'] "
CPH2012_GNT_121.csv,Household Toilet Facilities,Not using a toilet,,,"[0,0.25,0.5,0.75,1,5,10,15,'+'] ","[0,0.25,0.5,0.75,1,5,10,15,'+'] ","[0,0.25,0.5,0.75,1,5,10,15,'+'] ","[0,0.25,0.5,0.75,1,5,10,15,'+'] "
CPH2012_GNT_122.csv,Communication items per household,Radio,,,"[0,0.1,0.2,0.3,0.4,0.5,0.6,0.7,0.8,0.9,'+']","[0,0.1,0.2,0.3,0.4,0.5,0.6,0.7,0.8,0.9,'+']","[0,0.1,0.2,0.3,0.4,0.5,0.6,0.7,0.8,0.9,'+']","[0,0.1,0.2,0.3,0.4,0.5,0.6,0.7,0.8,0.9,'+']"
CPH2012_GNT_122.csv,Communication items per household,TV,,,"[0,0.1,0.2,0.3,0.4,0.5,0.6,0.7,0.8,0.9,'+']","[0,0.1,0.2,0.3,0.4,0.5,0.6,0.7,0.8,0.9,'+']","[0,0.1,0.2,0.3,0.4,0.5,0.6,0.7,0.8,0.9,'+']","[0,0.1,0.2,0.3,0.4,0.5,0.6,0.7,0.8,0.9,'+']"
CPH2012_GNT_122.csv,Communication items per household,Fixed TP,,,"[0,0.1,0.2,0.3,0.4,0.5,0.6,0.7,0.8,0.9,'+']","[0,0.1,0.2,0.3,0.4,0.5,0.6,0.7,0.8,0.9,'+']","[0,0.1,0.2,0.3,0.4,0.5,0.6,0.7,0.8,0.9,'+']","[0,0.1,0.2,0.3,0.4,0.5,0.6,0.7,0.8,0.9,'+']"
CPH2012_GNT_122.csv,Communication items per household,Mobile,,,"[0,0.1,0.2,0.3,0.4,0.5,0.6,0.7,0.8,0.9,'+']","[0,0.1,0.2,0.3,0.4,0.5,0.6,0.7,0.8,0.9,'+']","[0,0.1,0.2,0.3,0.4,0.5,0.6,0.7,0.8,0.9,'+']","[0,0.1,0.2,0.3,0.4,0.5,0.6,0.7,0.8,0.9,'+']"
CPH2012_GNT_122.csv,Communication items per household,PC,,,"[0,0.1,0.2,0.3,0.4,0.5,0.6,0.7,0.8,0.9,'+']","[0,0.1,0.2,0.3,0.4,0.5,0.6,0.7,0.8,0.9,'+']","[0,0.1,0.2,0.3,0.4,0.5,0.6,0.7,0.8,0.9,'+']","[0,0.1,0.2,0.3,0.4,0.5,0.6,0.7,0.8,0.9,'+']"
CPH2012_GNT_122.csv,Communication items per household,Laptop,,,"[0,0.1,0.2,0.3,0.4,0.5,0.6,0.7,0.8,0.9,'+']","[0,0.1,0.2,0.3,0.4,0.5,0.6,0.7,0.8,0.9,'+']","[0,0.1,0.2,0.3,0.4,0.5,0.6,0.7,0.8,0.9,'+']","[0,0.1,0.2,0.3,0.4,0.5,0.6,0.7,0.8,0.9,'+']"
CPH2012_GNT_122.csv,Communication items per household,Fax,,,"[0,0.1,0.2,0.3,0.4,0.5,0.6,0.7,0.8,0.9,'+']","[0,0.1,0.2,0.3,0.4,0.5,0.6,0.7,0.8,0.9,'+']","[0,0.1,0.2,0.3,0.4,0.5,0.6,0.7,0.8,0.9,'+']","[0,0.1,0.2,0.3,0.4,0.5,0.6,0.7,0.8,0.9,'+']"
CPH2012_GNT_123.csv,Household Solid Waste Disposal,Total Households,,True,,,,
CPH2012_GNT_123.csv,Household Solid Waste Disposal,Collected by local authorities,,,"[0,0.25,0.5,0.75,1,5,10,15,'+'] ","[0,0.25,0.5,0.75,1,5,10,15,'+'] ","[0,0.25,0.5,0.75,1,5,10,15,'+'] ","[0,0.25,0.5,0.75,1,5,10,15,'+'] "
CPH2012_GNT_123.csv,Household Solid Waste Disposal,Occupants burn,,,"{""min"":0,""max"":100,""categories"":10}","{""min"":0,""max"":100,""categories"":10}","{""min"":0,""max"":100,""categories"":10}","{""min"":0,""max"":100,""categories"":10}"
CPH2012_GNT_123.csv,Household Solid Waste Disposal,Occupants bury,,,"{""min"":0,""max"":100,""categories"":10}","{""min"":0,""max"":100,""categories"":10}","{""min"":0,""max"":100,""categories"":10}","{""min"":0,""max"":100,""categories"":10}"
CPH2012_GNT_123.csv,Household Solid Waste Disposal,Occupants composting solid waste,,,"[0,0.25,0.5,0.75,1,5,10,15,'+'] ","[0,0.25,0.5,0.75,1,5,10,15,'+'] ","[0,0.25,0.5,0.75,1,5,10,15,'+'] ","[0,0.25,0.5,0.75,1,5,10,15,'+'] "
CPH2012_GNT_123.csv,Household Solid Waste Disposal,Occupants dispose solid waste into Road/River/Canal/Sea/Creek/Forest etc,,,"[0,0.25,0.5,0.75,1,5,10,15,'+'] ","[0,0.25,0.5,0.75,1,5,10,15,'+'] ","[0,0.25,0.5,0.75,1,5,10,15,'+'] ","[0,0.25,0.5,0.75,1,5,10,15,'+'] "
CPH2012_GNT_123.csv,Household Solid Waste Disposal,Other,,,"[0,0.25,0.5,0.75,1,5,10,15,'+'] ","[0,0.25,0.5,0.75,1,5,10,15,'+'] ","[0,0.25,0.5,0.75,1,5,10,15,'+'] ","[0,0.25,0.5,0.75,1,5,10,15,'+'] "
CPH2012_GNT_124.csv,Ownership Status of Housing Unit,Total Households,,True,,,,
CPH2012_GNT_124.csv,Ownership Status of Housing Unit,Owned by a household member,,,"[0,50,60,70,80,90,100]","[0,50,60,70,80,90,100]","[0,50,60,70,80,90,100]","[0,50,60,70,80,90,100]"
CPH2012_GNT_124.csv,Ownership Status of Housing Unit,Rent/Lease-government owned,,,"[0,0.25,0.5,0.75,1,5,10,15,'+'] ","[0,0.25,0.5,0.75,1,5,10,15,'+'] ","[0,0.25,0.5,0.75,1,5,10,15,'+'] ","[0,0.25,0.5,0.75,1,5,10,15,'+'] "
CPH2012_GNT_124.csv,Ownership Status of Housing Unit,Rent/Lease-Privately owned,,,"[0,0.25,0.5,0.75,1,5,10,15,'+'] ","[0,0.25,0.5,0.75,1,5,10,15,'+'] ","[0,0.25,0.5,0.75,1,5,10,15,'+'] ","[0,0.25,0.5,0.75,1,5,10,15,'+'] "
CPH2012_GNT_124.csv,Ownership Status of Housing Unit,Occupied free of rent,,,"[0,0.25,0.5,0.75,1,5,10,15,'+'] ","[0,0.25,0.5,0.75,1,5,10,15,'+'] ","[0,0.25,0.5,0.75,1,5,10,15,'+'] ","[0,0.25,0.5,0.75,1,5,10,15,'+'] "
CPH2012_GNT_124.csv,Ownership Status of Housing Unit,Encroached,,,"[0,0.25,0.5,0.75,1,5,10,15,'+'] ","[0,0.25,0.5,0.75,1,5,10,15,'+'] ","[0,0.25,0.5,0.75,1,5,10,15,'+'] ","[0,0.25,0.5,0.75,1,5,10,15,'+'] "
CPH2012_GNT_124.csv,Ownership Status of Housing Unit,Other,,,"[0,0.25,0.5,0.75,1,5,10,15,'+'] ","[0,0.25,0.5,0.75,1,5,10,15,'+'] ","[0,0.25,0.5,0.75,1,5,10,15,'+'] ","[0,0.25,0.5,0.75,1,5,10,15,'+'] "
